dir,test,first_result,frequency,flaky,sample_run
ch.qos.logback.core.ContextBaseTest,contextThreadpoolIsDaemonized,pass,100,FALSE,163
org.springframework.boot.web.embedded.jetty.JettyServletWebServerFactoryTests,noCompressionForSmallResponse,pass,100,FALSE,163
alluxio.client.cli.fs.command.CopyFromLocalCommandIntegrationTest,copyFromLocalDir,pass,100,FALSE,163
org.springframework.boot.autoconfigure.freemarker.FreeMarkerAutoConfigurationTests,emptyTemplateLocation{CapturedOutput},pass,100,FALSE,163
org.apache.hadoop.log.TestLogThrottlingHelper,testNamedLoggersWithoutSpecifiedPrimary,pass,100,TRUE,114
org.springframework.boot.web.servlet.FilterRegistrationBeanTests,withSpecificDispatcherTypes,pass,100,FALSE,163
org.springframework.boot.context.properties.bind.JavaBeanBinderTests,bindToClassShouldCacheWithGenerics,pass,100,FALSE,163
org.apache.hadoop.security.token.delegation.web.TestDelegationTokenAuthenticationHandlerWithMocks,testAuthenticate,pass,100,TRUE,151
org.springframework.boot.test.system.OutputCaptureRuleTests,captureShouldBeAssertable,pass,100,FALSE,163
org.assertj.core.api.map.MapAssert_extractingByKey_with_Key_Test,should_keep_existing_description_if_set_when_extracting_value_object,pass,100,FALSE,163
org.assertj.core.internal.longarrays.LongArrays_assertContainsExactly_Test,should_fail_if_actual_is_null_whatever_custom_comparison_strategy_is,pass,100,FALSE,163
org.springframework.boot.logging.LoggingSystemPropertiesTests,fileLogPatternIsSet,pass,100,FALSE,163
io.dropwizard.jdbi3.JdbiTest,canReturnOptional,pass,100,FALSE,163
org.apache.jackrabbit.oak.security.user.GroupImplTest,testRemoveNotMember,pass,100,FALSE,163
org.apache.jackrabbit.oak.spi.security.authorization.cug.impl.CugImportBesteffortTest,testCugInvalidPrincipals,pass,100,FALSE,163
io.dropwizard.configuration.JsonConfigurationFactoryTest,overrideMapProperty,pass,100,FALSE,163
org.apache.oozie.fluentjob.api.action.TestMapReduceActionBuilder,testRetryAttributesAddedTwiceThrows,pass,100,FALSE,163
org.springframework.boot.actuate.endpoint.web.servlet.MvcWebEndpointIntegrationTests,principalIsNullWhenRequestHasNoPrincipal,pass,100,FALSE,163
org.springframework.boot.web.embedded.undertow.UndertowServletWebServerFactoryTests,sslDisabled,pass,100,FALSE,163
org.apache.jackrabbit.oak.spi.security.ConfigurationParametersTest,testContains,pass,100,FALSE,163
org.apache.jackrabbit.oak.jcr.security.authorization.SessionMoveReferenceableTest,testMoveAndAddPropertyAtSource2,pass,100,FALSE,163
org.assertj.core.api.charsequence.CharSequenceAssert_hasSizeLessThanOrEqualTo_Test,should_return_this,pass,100,FALSE,163
org.apache.jackrabbit.oak.security.user.query.ResultRowToAuthorizableTest,testRowToUserSubTree,pass,100,TRUE,109
org.apache.hc.core5.http2.impl.io.TestFrameInOutBuffers,testReadEmptyFrame,pass,100,TRUE,126
org.apache.jackrabbit.oak.security.user.UserImporterWorkspaceTest,testHandleDisabledMvPropertyDef,pass,100,TRUE,131
org.springframework.boot.autoconfigure.thymeleaf.ThymeleafServletAutoConfigurationTests,useJava8TimeDialect,pass,100,TRUE,77
org.apache.hadoop.fs.TestLocalDirAllocator,testGetLocalPathToRead[0],pass,100,FALSE,163
org.apache.hc.core5.http.impl.nio.TestLengthDelimitedEncoder,testInvalidConstructor,pass,100,FALSE,163
org.springframework.boot.test.web.SpringBootTestRandomPortEnvironmentPostProcessorTests,postProcessWhenManagementServerPortPlaceholderAbsentShouldFail,pass,100,FALSE,163
com.puppycrawl.tools.checkstyle.checks.javadoc.JavadocTagInfoTest,testTypeValueOf,pass,100,FALSE,163
org.apache.jackrabbit.oak.plugins.document.bundlor.IncludeTest,exactName,pass,100,TRUE,161
org.apache.jackrabbit.oak.plugins.document.ClusterInfoTest,useAbandonedStdToStd,pass,100,FALSE,163
org.springframework.boot.configurationprocessor.metadata.ConfigurationMetadataTests,toDashedCaseWordsSeveralUnderscores,pass,100,FALSE,163
org.apache.oozie.fluentjob.api.dag.TestDecisionJoin,testAddParentWhenSomeAlreadyExist,pass,100,TRUE,12
org.apache.oozie.fluentjob.api.action.TestEmailActionBuilder,testErrorHandlerAdded,pass,100,FALSE,163
org.assertj.core.api.objectarray.ObjectArrayAssert_hasSameSizeAs_with_Arrays_Test,should_pass_if_actual_object_array_has_same_size_as_other_object_array,pass,100,FALSE,163
org.apache.jackrabbit.oak.jcr.security.authorization.NodeTypeDefinitionManagementTest,testUnRegisterNodeType,pass,100,FALSE,163
org.apache.hadoop.io.TestText,testAvroReflect,pass,100,FALSE,163
org.apache.hadoop.fs.viewfs.TestFcMainOperationsLocalFs,testListStatusFilterWithNoMatches,pass,100,FALSE,163
com.google.common.jimfs.JimfsUnixLikeFileSystemTest,testCreateLink_relative,pass,100,FALSE,163
org.springframework.boot.actuate.autoconfigure.cloudfoundry.servlet.CloudFoundryActuatorAutoConfigurationTests,cloudFoundryPlatformActiveSetsApplicationId,pass,100,FALSE,163
org.assertj.core.api.iterable.IterableAssert_filteredOn_notIn_Test,should_apply_notIn_filter,pass,100,FALSE,163
org.assertj.core.internal.doublearrays.DoubleArrays_assertStartsWith_Test,should_throw_error_if_sequence_is_null_whatever_custom_comparison_strategy_is,pass,100,FALSE,163
org.assertj.core.internal.integers.Integers_assertEqual_Test,should_fail_if_actual_is_null,pass,100,FALSE,163
org.apache.jackrabbit.oak.spi.security.authorization.principalbased.impl.PolicyValidatorTest,testChildChangedBelowNodeTypeTree,pass,100,FALSE,163
org.assertj.core.api.recursive.comparison.RecursiveComparisonConfiguration_shouldIgnoreOverriddenEqualsOf_Test,should_ignore_all_overridden_equals_except_java_types{Object}[7],pass,100,FALSE,163
com.puppycrawl.tools.checkstyle.checks.naming.PackageNameCheckTest,testGetAcceptableTokens,pass,100,FALSE,163
okhttp3.CacheTest,elementEvictedBetweenHasNextAndNext,pass,100,FALSE,163
org.assertj.core.api.classes.ClassAssert_isNotFinal_Test,should_return_this,pass,100,FALSE,163
org.assertj.core.api.future.CompletableFutureAssert_hasFailed_Test,should_fail_if_completable_future_is_completed,pass,100,FALSE,163
org.assertj.core.internal.intarrays.IntArrays_assertContainsOnlyOnce_Test,should_fail_if_actual_contains_given_values_only_more_than_once_according_to_custom_comparison_strategy,pass,100,FALSE,163
org.apache.jackrabbit.oak.cache.impl.CacheStatsMetricsTest,metrics,pass,100,FALSE,163
org.apache.oozie.fluentjob.api.action.TestMapReduceActionBuilder,testClearFiles,pass,100,FALSE,163
org.assertj.core.internal.strings.Strings_assertContains_Test,should_fail_if_actual_does_not_contain_all_given_strings,pass,100,FALSE,163
io.dropwizard.jersey.validation.ConstraintViolationExceptionMapperTest,getInvalidHeaderParamsIs400,pass,100,FALSE,163
org.assertj.core.internal.doublearrays.DoubleArrays_assertContainsOnlyOnce_Test,should_fail_if_actual_is_null_whatever_custom_comparison_strategy_is,pass,100,FALSE,163
alluxio.client.fs.FileOutStreamIntegrationTest,writeBytes[3],pass,100,FALSE,163
org.apache.jackrabbit.oak.jcr.security.user.SystemUserImportTest,testMultiValuedPassword,pass,100,FALSE,163
org.apache.jackrabbit.oak.spi.security.authentication.external.impl.DefaultSyncHandlerTest,testListIdentitiesIgnoresLocal,pass,100,FALSE,163
org.assertj.core.internal.StandardComparisonStrategy_isLessThanOrEqualTo_Test,should_fail_if_a_parameter_is_not_comparable,pass,100,FALSE,163
org.springframework.boot.autoconfigure.web.embedded.JettyWebServerFactoryCustomizerTests,customMaxHttpHeaderSizeIgnoredIfZero,pass,100,FALSE,163
org.assertj.core.internal.intarrays.IntArrays_assertEndsWith_Test,should_throw_error_if_sequence_is_null_whatever_custom_comparison_strategy_is,pass,100,FALSE,163
org.springframework.boot.actuate.metrics.cache.EhCache2CacheMeterBinderProviderTests,ehCache2CacheProvider,pass,100,TRUE,63
org.apache.hadoop.fs.shell.TestCount,processOptionsShowQuotas,pass,100,FALSE,163
org.apache.jackrabbit.oak.security.privilege.PrivilegeConfigurationImplTest,testGetPrivilegeManager,pass,100,FALSE,163
org.apache.jackrabbit.oak.plugins.index.lucene.LucenePropertyIndexTest,fulltextQueryWithRelativeProperty,pass,100,FALSE,163
ro.isdc.wro.model.resource.locator.TestUrlUriLocator,testValidUrl,pass,100,TRUE,121
org.springframework.boot.autoconfigure.condition.ConditionEvaluationReportTests,duplicateOutcomes,pass,100,FALSE,163
io.undertow.server.handlers.blocking.SimpleBlockingServerTestCase,sendHttpRequest,pass,100,FALSE,163
alluxio.client.fs.FileSystemMasterIntegrationTest,ufsModeRenameDirectory,pass,100,TRUE,72
org.assertj.core.presentation.StandardRepresentation_toStringOf_Test,should_return_toString_of_AtomicStampedReference,pass,100,FALSE,163
ch.qos.logback.core.appender.FileAppenderTest,fileNameCollision,pass,100,FALSE,163
org.springframework.boot.actuate.endpoint.web.servlet.MvcWebEndpointIntegrationTests,nullResponseFromReadOperationResultsInNotFoundResponseStatus,pass,100,FALSE,163
org.apache.jackrabbit.oak.plugins.observation.ChangeCollectorProviderTest,testAddNodeWithProperties,pass,100,FALSE,163
io.dropwizard.hibernate.SessionFactoryHealthCheckTest,isHealthyIfNoExceptionIsThrown,pass,100,FALSE,163
io.undertow.server.handlers.proxy.LoadBalancingProxyHttpsTestCase,testStickySessions,pass,100,FALSE,163
org.assertj.core.api.floatarray.FloatArrayAssert_containsSequence_Test,should_pass_with_precision_specified_in_comparator,pass,100,FALSE,163
org.apache.hadoop.io.erasurecode.rawcoder.TestCoderUtil,testNoValidInput,pass,100,FALSE,163
com.puppycrawl.tools.checkstyle.filters.SeverityMatchFilterTest,testConfigure,pass,100,FALSE,163
org.apache.hadoop.hbase.types.TestUnion2,testEncodeDecode,pass,100,FALSE,163
org.springframework.boot.convert.IsoOffsetFormatterTests,convertShouldConvertStringToIsoDate{ConversionService}[2],pass,100,FALSE,163
controllers.AssetsControllerTest,serveStaticWithoutFileNameParam,pass,100,FALSE,163
org.springframework.boot.context.logging.LoggingApplicationListenerTests,parseLevelsWithPlaceholder,pass,100,FALSE,163
org.assertj.core.internal.classes.Classes_assertHasOnlyDeclaredFields_Test,should_pass_if_class_has_all_the_expected_declared_fields_whatever_the_order_is,pass,100,FALSE,163
org.assertj.core.internal.floatarrays.FloatArrays_assertHasSizeGreaterThan_Test,should_fail_if_size_of_actual_is_not_greater_than_boundary,pass,100,FALSE,163
org.springframework.boot.web.embedded.jetty.JettyServlet9419WebServerFactoryTests,sessionCookieConfiguration,pass,100,FALSE,163
org.springframework.boot.configurationprocessor.ConstructorParameterPropertyDescriptorTests,constructorParameterSimplePropertyWithNoAccessorShouldBeExposed,pass,100,FALSE,163
org.springframework.boot.convert.DurationToNumberConverterTests,convertWithFormatAndUnitShouldUseFormatAndUnit{ConversionService}[1],pass,100,TRUE,2
org.assertj.core.api.atomic.referencearray.AtomicReferenceArrayAssert_filteredOn_Test,should_filter_object_array_under_test_on_property_values,pass,100,FALSE,163
org.assertj.core.internal.longarrays.LongArrays_assertContainsOnly_Test,should_fail_if_array_of_values_to_look_for_is_empty_and_actual_is_not_whatever_custom_comparison_strategy_is,pass,100,FALSE,163
org.apache.jackrabbit.oak.plugins.document.DocumentNodeStoreTest,longRunningTx,pass,100,FALSE,163
org.apache.jackrabbit.oak.jcr.ValueFactoryTest,testReferenceValue[SegmentTar],pass,100,FALSE,163
org.apache.hadoop.ipc.TestFairCallQueue,testTakeTriesNextQueue,pass,100,FALSE,163
okhttp3.HeadersTest,ofMapRejectsNullCharInName,pass,100,FALSE,163
org.apache.jackrabbit.oak.plugins.index.lucene.LuceneIndexDefinitionTest,syncPropertyDefinitions,pass,100,FALSE,163
org.assertj.core.api.recursive.comparison.RecursiveComparisonAssert_fluent_API_Test,should_allow_to_override_field_comparator,pass,100,FALSE,163
com.puppycrawl.tools.checkstyle.gui.MainFrameModelTest,testOpenFileNullParameter,pass,100,FALSE,163
org.assertj.core.internal.strings.Strings_assertDoesNotContainOnlyWhitespaces_Test,should_pass_if_string_does_not_contain_only_whitespaces{String}[6],pass,100,FALSE,163
alluxio.client.cli.fs.command.TestCommandIntegrationTest,testDirNotEmptyWhenPathIsFile,pass,100,FALSE,163
org.assertj.core.error.ShouldContainExactly_create_Test,should_not_display_unexpected_elements_when_there_are_none,pass,100,FALSE,163
com.github.jknack.handlebars.i251.Issue251,varTrimRight,pass,100,FALSE,163
org.springframework.boot.actuate.autoconfigure.health.AutoConfiguredHealthEndpointGroupsTests,createWhenNoDefinedBeansAdaptsProperties,pass,100,FALSE,163
com.google.common.jimfs.JimfsOutputStreamTest,testWrite_wholeArray,pass,100,FALSE,163
ninja.params.ControllerMethodInvokerWithDeprecatedValidationTest,needingInjectionParamParserArray,pass,100,FALSE,163
alluxio.client.cli.fs.ConfigurationDocGeneratorTest,checkCSVFile[3],pass,100,FALSE,163
io.dropwizard.testing.junit5.DropwizardAppExtensionTest,canPerformAdminTaskWithPostBody,pass,100,FALSE,163
ro.isdc.wro.http.TestWroServletContextListener,shouldCreateBaseWroManagerFactoryByDefault,pass,100,FALSE,163
org.assertj.core.api.url.UrlAssert_hasHost_Test,should_return_this,pass,100,FALSE,163
io.dropwizard.jackson.FuzzyEnumModuleTest,mapsDottedEnums,pass,100,TRUE,139
org.springframework.boot.actuate.endpoint.web.reactive.WebFluxEndpointIntegrationTests,readOperationWithEndpointsMappedToTheRoot,pass,100,FALSE,163
io.undertow.server.security.SpnegoBasicAuthenticationTestCase,testSpnegoSuccess,pass,100,FALSE,163
alluxio.client.cli.fsadmin.BackupCommandIntegrationTest,specificDirectory,pass,100,FALSE,163
org.apache.jackrabbit.oak.plugins.blob.datastore.CachingFileDataStoreTest,testDeleteAllOlderThan,pass,100,FALSE,163
org.apache.jackrabbit.oak.spi.security.authorization.permission.EmptyTreePermissionTest,testIsGranted,pass,100,FALSE,163
com.puppycrawl.tools.checkstyle.utils.ScopeUtilTest,testIsOuterMostTypeEnum,pass,100,FALSE,163
org.assertj.core.error.uri.ShouldHaveParameter_create_Test,should_create_error_message_for_url_with_wrong_parameter_value,pass,100,FALSE,163
ro.isdc.wro.model.resource.processor.decorator.TestMinimizeAwareProcessorDecorator,shouldInvokePreProcessorWhenMinimizeIsRequired,pass,100,FALSE,163
org.apache.hadoop.fs.TestLocalFSFileContextMainOperations,testWriteReadAndDeleteOneAndAHalfBlocks,pass,100,FALSE,163
org.springframework.boot.autoconfigure.web.ServerPropertiesTests,testCustomizeJettyMaxThreads,pass,100,FALSE,163
org.apache.jackrabbit.oak.jcr.RepositoryTest,inThreadSessionSynchronisation[SegmentTar],pass,100,FALSE,163
org.springframework.boot.ImageBannerTests,printBannerWhenHasHeightPropertyShouldSetHeight,pass,100,FALSE,163
org.apache.jackrabbit.oak.security.authorization.permission.PermissionValidatorTest,testAddImmutablePropertyWithDeclaringMixin,pass,100,FALSE,163
org.apache.hadoop.ipc.TestSaslRPC,testKerberosServer[1],pass,100,TRUE,120
okhttp3.HeadersTest,ofMapTrimsKey,pass,100,FALSE,163
org.apache.oozie.fluentjob.api.action.TestPigActionBuilder,testAddMultipleDefaultConditionalChildrenThrows,pass,100,FALSE,163
org.apache.jackrabbit.oak.security.authorization.accesscontrol.AccessControlImporterBesteffortTest,testStartAclTree,pass,100,FALSE,163
org.assertj.core.error.ShouldAccept_create_Test,should_create_error_message_with_default_predicate_description,pass,100,FALSE,163
org.springframework.boot.test.json.JsonContentAssertTests,isNotEqualToWhenStringIsMatchingShouldFail,pass,100,FALSE,163
org.apache.jackrabbit.oak.plugins.observation.ChangeCollectorProviderTest,testPropertyOverflown,pass,100,FALSE,163
org.apache.jackrabbit.oak.spi.security.authentication.external.impl.jmx.SyncMBeanImplTest,testSyncExternalNonExisting,pass,100,FALSE,163
org.assertj.core.internal.bytearrays.ByteArrays_assertStartsWith_with_Integer_Arguments_Test,should_fail_if_actual_does_not_start_with_sequence_according_to_custom_comparison_strategy,pass,100,FALSE,163
org.springframework.boot.test.json.GsonTesterTests,initFieldsWhenMarshallerIsNullShouldThrowException,pass,100,FALSE,163
org.springframework.boot.autoconfigure.transaction.jta.JtaAutoConfigurationTests,customPlatformTransactionManager,pass,100,FALSE,163
org.apache.jackrabbit.oak.security.user.GroupImplTest,testRemoveMemberInvalidAuthorizable,pass,100,FALSE,163
org.apache.jackrabbit.oak.plugins.document.ClusterNodeInfoTest,renewLeaseExceptionAfterFindFails[1: (true)],pass,100,FALSE,163
org.assertj.core.internal.doubles.Doubles_assertGreaterThanOrEqualTo_Test,should_fail_if_actual_is_null_whatever_custom_comparison_strategy_is,pass,100,FALSE,163
org.apache.hadoop.hbase.TestCellBuilder,testCellBuilderWithShallowCopy,pass,100,FALSE,163
io.dropwizard.jersey.validation.ConstraintViolationExceptionMapperTest,getInvalidPathParamsIs400,pass,100,TRUE,41
okhttp3.URLConnectionTest,redirectedWithNoLengthHeaders,pass,100,FALSE,163
com.puppycrawl.tools.checkstyle.checks.regexp.RegexpCheckTest,testMessagePropertyGood,pass,100,FALSE,163
org.assertj.core.api.string_.StringAssert_isEqualTo_Test,should_throw_NullPointerException_when_given_a_null_template,pass,100,FALSE,163
org.apache.hc.core5.http.message.TestBasicMessages,testRequestWithAuthority,pass,100,FALSE,163
io.dropwizard.util.SizeUnitTest,oneByteInTerabytes,pass,100,FALSE,163
org.assertj.core.api.doublearray.DoubleArrayAssert_doesNotHaveDuplicates_Test,should_have_internal_effects,pass,100,FALSE,163
com.cloudera.oryx.app.serving.als.RecommendToAnonymousTest,testBadOffset,pass,100,FALSE,163
org.apache.jackrabbit.oak.security.authorization.composite.CompositeProviderNoScopeReverseTest,testHasPrivilegesOnRepoJcrAll,pass,100,FALSE,163
org.assertj.core.api.assumptions.Assumptions_assumeThat_with_extracting_Test,should_run_test_when_assumption_using_extracting_on_object_with_single_parameter_passes,pass,100,FALSE,163
io.dropwizard.jersey.guava.OptionalHeaderParamResourceTest,shouldReturnUUIDWhenValidUUIDIsPresent,pass,100,FALSE,163
org.assertj.core.api.Assertions_assertThat_inHexadecimal_Test,should_assert_short_in_hexadecimal,pass,100,FALSE,163
org.assertj.core.internal.iterables.Iterables_assertContainsSubsequence_Test,should_pass_if_actual_and_subsequence_are_equal_according_to_custom_comparison_strategy,pass,100,FALSE,163
org.apache.jackrabbit.oak.plugins.tree.TreeLocationTest,testGetChild,pass,100,FALSE,163
org.springframework.boot.logging.java.JavaLoggingSystemTests,getLoggingConfigurations,pass,100,FALSE,163
org.apache.hadoop.fs.viewfs.TestViewFileSystemLocalFileSystem,testInternalRemoveAcl,pass,100,FALSE,163
com.puppycrawl.tools.checkstyle.api.CommentTest,test,pass,100,FALSE,163
org.assertj.core.api.atomic.referencearray.AtomicReferenceArrayAssert_doesNotContainNull_Test,should_have_internal_effects,pass,100,FALSE,163
org.springframework.boot.actuate.autoconfigure.integrationtest.WebMvcEndpointCorsIntegrationTests,requestsWithDisallowedHeadersAreRejected,pass,100,FALSE,163
org.apache.jackrabbit.oak.plugins.tika.TextPopulatorTest,indexDoesNotHaveDocument,pass,100,FALSE,163
org.apache.hadoop.fs.TestQuotaUsage,testToStringNoQuota,pass,100,FALSE,163
ro.isdc.wro.config.factory.TestPropertiesAndFilterConfigWroConfigurationFactory,testConfigureDebugWithPropertiesFileSet,pass,100,FALSE,163
com.google.common.jimfs.JimfsFileChannelTest,testCloseByInterrupt,pass,100,FALSE,163
org.apache.jackrabbit.oak.spi.security.authorization.principalbased.impl.AbstractEntryTest,testHashCode,pass,100,FALSE,163
alluxio.client.cli.fsadmin.pathconf.ShowCommandIntegrationTest,showResolveDir3,pass,100,FALSE,163
org.springframework.boot.autoconfigure.amqp.RabbitAutoConfigurationTests,testDefaultRabbitTemplateConfiguration,pass,100,FALSE,163
org.apache.hc.core5.testing.reactive.ReactiveClientTest,testResponseCancellation[FORCE_HTTP_2],pass,100,FALSE,163
com.puppycrawl.tools.checkstyle.checks.javadoc.JavadocParagraphCheckTest,testIncorrect,pass,100,FALSE,163
org.assertj.core.api.recursive.comparison.DualValue_iterableValues_Test,isExpectedFieldAnIterable_should_return_true_when_expected_is_an_iterable{Object}[3],pass,100,FALSE,163
alluxio.client.file.FileInStreamTest,readFile[1],pass,100,FALSE,163
org.apache.jackrabbit.oak.plugins.index.lucene.LucenePropertyIndexTest,relativeProperties,pass,100,FALSE,163
io.dropwizard.servlets.assets.ResourceURLTest,isDirectoryReturnsFalseForURLEncodedFilesInJars,pass,100,FALSE,163
org.springframework.boot.test.json.ObjectContentAssertTests,isEqualToWhenObjectsAreDifferentShouldFail,pass,100,FALSE,163
org.springframework.boot.test.json.JsonbTesterTests,parseArrayShouldReturnContent,pass,100,FALSE,163
org.apache.jackrabbit.oak.spi.security.authorization.cug.impl.CugValidatorTest,testInvalidPrimaryType,pass,100,FALSE,163
org.apache.oozie.fluentjob.api.action.TestHiveActionBuilder,testIncorrectSubclassingThrows,pass,100,FALSE,163
io.undertow.server.security.FormAuthTestCase,testFormAuth,pass,100,TRUE,143
org.apache.jackrabbit.oak.jcr.RepositoryTest,addMultiValuedDecimal[SegmentTar],pass,100,FALSE,163
org.springframework.boot.autoconfigure.jooq.JooqAutoConfigurationTests,customProvidersArePickedUp,pass,100,FALSE,163
com.google.common.jimfs.FileTreeTest,testLookup_relative_parentExists,pass,100,FALSE,163
org.assertj.core.api.objectarray.ObjectArrayAssert_flatExtracting_Test,should_throw_null_pointer_exception_when_extracting_from_null,pass,100,FALSE,163
org.assertj.core.internal.booleanarrays.BooleanArrays_assertNotEmpty_Test,should_fail_if_actual_is_null,pass,100,FALSE,163
org.apache.hadoop.fs.shell.find.TestAnd,testFailSecond,pass,100,FALSE,163
ninja.params.ControllerMethodInvokerTest,optionalBodyEmpty,pass,100,FALSE,163
org.springframework.boot.test.context.runner.ReactiveWebApplicationContextRunnerTests,runWithConfigurationsAndUserBeanShouldRegisterUserBeanLast,pass,100,FALSE,163
org.apache.jackrabbit.oak.jcr.RepositoryTest,setPrimaryType[SegmentTar],pass,100,FALSE,163
com.google.common.jimfs.AttributeServiceTest,testSetAttribute,pass,100,FALSE,163
com.puppycrawl.tools.checkstyle.checks.FinalParametersCheckTest,testDefaultTokens,pass,100,FALSE,163
org.springframework.boot.autoconfigure.jersey.JerseyAutoConfigurationCustomServletContextPathTests,contextLoads,pass,100,FALSE,163
ro.isdc.wro.model.resource.locator.support.TestDispatcherStreamLocator,testDispatchIncludeHasNoValidResource,pass,100,FALSE,163
org.assertj.core.error.future.ShouldHaveFailed_create_Test,should_create_error_message,pass,100,FALSE,163
io.undertow.websockets.extensions.CompressionUtilsTest,testCompressByFramesDecompressWhole,pass,100,FALSE,163
ch.qos.logback.core.subst.TokenizerTest,mix,pass,100,FALSE,163
org.assertj.core.api.object.ObjectAssert_hasFieldOrProperty_Test,should_return_this,pass,100,FALSE,163
org.apache.jackrabbit.oak.jcr.security.user.UserManagerTest,testGetAuthorizableByPath,pass,100,FALSE,163
alluxio.client.cli.fs.command.LsCommandIntegrationTest,lsWithInvalidSortOption,pass,100,FALSE,163
com.google.zxing.qrcode.encoder.MatrixUtilTestCase,testEmbedBasicPatterns1,pass,100,FALSE,163
org.apache.hadoop.hbase.util.TestByteBufferUtils,testCopyToStreamWithOffset[1],pass,100,FALSE,163
org.assertj.core.internal.bytearrays.ByteArrays_assertContainsExactlyInAnyOrder_Test,should_throw_error_if_expected_is_null_whatever_custom_comparison_strategy_is,pass,100,FALSE,163
org.apache.jackrabbit.oak.security.authorization.AuthorizationContextTest,testRepoPolicyDefinesContextRoot,pass,100,FALSE,163
org.assertj.core.internal.floats.Floats_assertIsCloseTo_Test,should_fail_if_actual_is_POSITIVE_INFINITY_and_expected_is_not,pass,100,FALSE,163
org.assertj.core.internal.bytearrays.ByteArrays_assertContainsExactlyInAnyOrder_Test,should_fail_if_expected_is_empty_and_actual_is_not_whatever_custom_comparison_strategy_is,pass,100,FALSE,163
org.apache.jackrabbit.oak.plugins.blob.datastore.DataStoreBlobStoreTest,testExceptionWhileReading,pass,100,FALSE,163
org.springframework.boot.autoconfigure.mustache.MustacheStandaloneIntegrationTests,environmentCollectorCompoundKey,pass,100,FALSE,163
org.apache.jackrabbit.oak.spi.state.NodeStoreTest,merge[SegmentTar],pass,100,FALSE,163
org.apache.jackrabbit.oak.plugins.index.property.ValuePatternTest,empty,pass,100,FALSE,163
org.assertj.core.api.optional.OptionalAssert_hasValueSatisfying_Condition_Test,should_fail_when_condition_is_null,pass,100,FALSE,163
org.springframework.boot.env.SpringApplicationJsonEnvironmentPostProcessorTests,propertySourceShouldBeOrderedBeforeServletConfigPropertySource,pass,100,FALSE,163
org.assertj.core.api.iterable.IterableAssert_extractingResultOf_with_SortedSet_Test,should_use_method_name_as_description_when_extracting_result_of_method_list,pass,100,FALSE,163
io.dropwizard.auth.principal.PolymorphicPrincipalEntityTest,resourceWithInvalidOptionalAuthentication200,pass,100,FALSE,163
org.springframework.boot.autoconfigure.thymeleaf.ThymeleafServletAutoConfigurationTests,overrideTemplateResolverOrder,pass,100,FALSE,163
org.apache.jackrabbit.core.query.SimpleQueryTest,testDateField1,pass,100,FALSE,163
com.puppycrawl.tools.checkstyle.filters.XpathFilterElementTest,testIncorrectQuery,pass,100,FALSE,163
org.apache.jackrabbit.oak.jcr.ValidNamesTest,testEnclosedStar[SegmentTar],pass,100,FALSE,163
org.apache.jackrabbit.oak.plugins.index.lucene.directory.ChunkedOakDirectoryTest,testCompatibility,pass,100,FALSE,163
org.springframework.boot.web.embedded.jetty.JettyReactiveWebServerFactoryTests,specificIPAddressNotReverseResolved,pass,100,FALSE,163
org.assertj.core.api.BDDAssertions_then_Test,should_build_ThrowableTypeAssert_with_IllegalStateException_thrown,pass,100,FALSE,163
org.apache.hadoop.ipc.TestIPC,testIpcTimeout,pass,100,FALSE,163
org.assertj.core.error.ElementsShouldSatisfy_create_Test,should_create_error_message_all_and_escape_percent_correctly,pass,100,FALSE,163
org.springframework.boot.autoconfigure.AutoConfigurationImportSelectorIntegrationTests,singleSelectorWithNoImports,pass,100,FALSE,163
org.springframework.boot.configurationprocessor.IncrementalBuildMetadataGenerationTests,incrementalBuildAnnotationRemoved,pass,100,FALSE,163
org.apache.jackrabbit.oak.security.authorization.accesscontrol.AccessControlValidatorTest,testAddRepoPolicyWithAce,pass,100,FALSE,163
com.puppycrawl.tools.checkstyle.checks.metrics.NPathComplexityCheckTest,testStatefulFieldsClearedOnBeginTree2,pass,100,FALSE,163
io.dropwizard.hibernate.AbstractDAOTest,getsASessionFromTheSessionFactory,pass,100,FALSE,163
io.undertow.server.handlers.proxy.LoadBalancingProxyHTTP2TestCase,testUrlEncoding,pass,100,FALSE,163
org.assertj.core.internal.intarrays.IntArrays_assertContainsSequence_Test,should_throw_error_if_sequence_is_null,pass,100,FALSE,163
org.assertj.core.internal.objectarrays.ObjectArrays_assertContainsOnlyNulls_Test,should_fail_if_actual_contains_null_and_non_null_elements,pass,100,FALSE,163
io.dropwizard.jackson.JacksonDeserializationOfBigNumbersToInstantTest,testCanDeserializeMaxInstant,pass,100,FALSE,163
org.apache.jackrabbit.oak.security.user.UserImporterMembershipAbortTest,testKnownMemberThresholdNotReached,pass,100,FALSE,163
org.apache.jackrabbit.oak.plugins.document.mongo.QueryHintTest,org.apache.jackrabbit.oak.plugins.document.mongo.QueryHintTest,skip,100,FALSE,163
org.springframework.boot.actuate.autoconfigure.metrics.export.signalfx.SignalFxMetricsExportAutoConfigurationTests,autoConfiguresWithAnAccessToken,pass,100,FALSE,163
com.puppycrawl.tools.checkstyle.api.FileContentsTest,testTextFileName,pass,100,FALSE,163
org.assertj.core.internal.bytearrays.ByteArrays_assertContains_with_Integer_Arguments_Test,should_pass_if_actual_contains_all_given_values,pass,100,FALSE,163
org.apache.hadoop.service.TestServiceLifecycle,testServiceFailingNotifications,pass,100,FALSE,163
org.apache.jackrabbit.oak.security.user.autosave.AuthorizableByTypeTest,testUserByIdAndType,pass,100,FALSE,163
org.springframework.boot.autoconfigure.security.oauth2.resource.servlet.OAuth2ResourceServerAutoConfigurationTests,autoConfigurationShouldBeConditionalOnJwtDecoderClass,pass,100,TRUE,128
org.apache.jackrabbit.oak.spi.blob.FileBlobStoreTest,testMedium,pass,100,FALSE,163
org.apache.jackrabbit.oak.plugins.document.BasicDocumentStoreTest,testCreateOrUpdate[RDBFixture: RDB-H2(file)],pass,100,FALSE,163
org.apache.hadoop.util.TestBasicDiskValidator,testCheckDir_notWritable_local,pass,100,FALSE,163
org.springframework.boot.test.mock.web.SpringBootMockServletContextTests,getRootUrlExistsAndIsEmpty,pass,100,FALSE,163
org.springframework.boot.actuate.autoconfigure.metrics.SystemMetricsAutoConfigurationTests,autoConfiguresProcessorMetrics,pass,100,TRUE,139
org.apache.jackrabbit.oak.spi.security.authentication.external.impl.principal.ExternalIdentityValidatorTest,testRemoveRepExternalIdAsSystem,pass,100,FALSE,163
org.apache.jackrabbit.oak.plugins.blob.datastore.DataStoreTrackerGCTest,consistencyCheckNoActiveDeletion,pass,100,FALSE,163
org.apache.hadoop.crypto.key.TestCachingKeyProvider,testMetadata,pass,100,FALSE,163
org.apache.oozie.fluentjob.api.action.TestPigActionBuilder,testRetryAttributesAddedTwiceThrows,pass,100,FALSE,163
io.dropwizard.validation.OneOfValidatorTest,doesNotAllowOtherElements,pass,100,FALSE,163
org.assertj.core.condition.DoesNotHave_toString_Test,should_implement_toString_showing_descriptions_of_inner_Conditions,pass,100,FALSE,163
com.puppycrawl.tools.checkstyle.checks.annotation.SuppressWarningsCheckTest,testSingleNoUnchecked,pass,100,FALSE,163
org.assertj.core.util.Sets_newLinkedHashSet_GenericArray_Test,should_return_Set_containing_all_elements_in_array,pass,100,FALSE,163
org.apache.jackrabbit.oak.spi.security.authorization.cug.impl.CugPermissionProviderTest,testSupportedPrivilegesForNullTree,pass,100,FALSE,163
org.assertj.core.internal.maps.Maps_assertAnySatisfyingConsumer_Test,should_fail_if_given_requirements_are_null,pass,100,FALSE,163
org.apache.jackrabbit.oak.security.authentication.token.TokenAuthenticationTest,testGetUserPrincipal,pass,100,FALSE,163
org.apache.hadoop.fs.contract.ftp.TestFTPContractOpen,testFsIsEncrypted,skip,100,FALSE,163
org.apache.jackrabbit.oak.query.index.FilterTest,pathRestrictions,pass,100,FALSE,163
org.springframework.boot.actuate.autoconfigure.health.HealthContributorAutoConfigurationTests,runWhenHasDefinedIndicatorCreatesPingHealthIndicator,pass,100,TRUE,97
io.dropwizard.servlets.ServletsTest,formatsBasicURIs,pass,100,FALSE,163
org.apache.jackrabbit.oak.jcr.security.authorization.AccessControlManagementTest,testReadAccessControlWithRestriction,pass,100,FALSE,163
org.assertj.core.internal.spliterator.Spliterators_assertHasCharacteristics_Test,should_fail_if_spliterator_does_not_have_characteristic,pass,100,FALSE,163
ninja.servlet.NinjaServletContextTest,testGetScheme,pass,100,FALSE,163
org.apache.hc.core5.net.TestURIAuthority,testHashCode,pass,100,FALSE,163
okhttp3.CallTest,customDns,pass,100,FALSE,163
org.springframework.boot.actuate.autoconfigure.metrics.export.jmx.JmxMetricsExportAutoConfigurationTests,autoConfigurationCanBeDisabled,pass,100,FALSE,163
com.puppycrawl.tools.checkstyle.checks.naming.MemberNameCheckTest,testPublicOnly,pass,100,TRUE,156
org.apache.jackrabbit.oak.spi.security.authentication.external.impl.principal.PrincipalProviderAutoMembershipTest,testFindPrincipalsWithLimit,pass,100,TRUE,125
org.apache.jackrabbit.oak.spi.observation.ChangeSetBuilderTest,changeSetDepthMoreThanBuilder,pass,100,FALSE,163
org.apache.jackrabbit.oak.security.user.query.ResultIteratorTest,testCreateOffsetEqualsMax,pass,100,FALSE,163
org.apache.jackrabbit.oak.spi.security.authorization.cug.impl.CugImportIgnoreTest,testNodeWithCugInvalidPrincipals,pass,100,FALSE,163
org.apache.hadoop.net.TestNetUtils,testWrapUnknownHostException,pass,100,TRUE,151
me.prettyprint.hector.api.ApiV2SystemTest,testRangeSubSlicesQuery,pass,96,TRUE,96
org.springframework.boot.autoconfigure.orm.jpa.HibernateJpaAutoConfigurationTests,openEntityManagerInViewInterceptorIsNotRegisteredWhenFilterPresent,pass,100,FALSE,163
org.assertj.core.api.localtime.LocalTimeAssert_isEqualToIgnoringNanoseconds_Test,should_pass_if_actual_is_equal_to_other_ignoring_nanosecond_fields,pass,100,FALSE,163
org.apache.jackrabbit.oak.jcr.RepositoryTest,addSmallBinaryProperty[SegmentTar],pass,100,FALSE,163
com.cloudera.oryx.app.serving.als.SimilarityTest,testNoArg,pass,100,FALSE,163
org.assertj.core.api.atomic.longarray.AtomicLongArrayAssert_hasSizeGreaterThan_Test,should_have_internal_effects,pass,100,FALSE,163
org.springframework.boot.context.properties.source.ConfigurationPropertySourcesTests,getWhenAttachedShouldReturnAttached,pass,100,FALSE,163
org.apache.hadoop.fs.TestDU,testDU,pass,100,FALSE,163
org.apache.jackrabbit.core.query.SimpleQueryTest,testLongField,pass,100,FALSE,163
org.apache.jackrabbit.oak.plugins.memory.PropertyBuilderTest,testLongProperty,pass,100,FALSE,163
com.google.common.jimfs.ConfigurationTest,testFileSystemForDefaultUnixConfiguration,pass,100,FALSE,163
org.apache.jackrabbit.oak.commons.FileIOUtilsTest,sortLargeFileWithCustomComparatorTest,pass,100,FALSE,163
org.springframework.boot.SpringApplicationTests,lazyInitializationCanBeEnabled,pass,100,FALSE,163
com.github.jknack.handlebars.issues.Hbs525,helperNameSpace,pass,100,FALSE,163
org.apache.jackrabbit.oak.plugins.index.lucene.LucenePropertyIndexTest,indexSelectionVsNodeType,pass,100,FALSE,163
org.apache.hadoop.io.erasurecode.rawcoder.TestRawErasureCoderBenchmark,testISALCoder,skip,100,FALSE,163
org.apache.hadoop.fs.TestRawLocalFileSystemContract,testWriteReadAndDeleteEmptyFile,pass,100,FALSE,163
org.springframework.boot.autoconfigure.web.servlet.WebMvcAutoConfigurationTests,httpMessageConverterThatUsesConversionServiceDoesNotCreateACycle,pass,100,FALSE,163
org.assertj.core.api.floatarray.FloatArrayAssert_containsExactlyInAnyOrder_Test,invoke_api_like_user,pass,100,TRUE,38
org.apache.jackrabbit.oak.spi.security.user.AuthorizableTypeTest,testIsTypeAuthorizable,pass,100,FALSE,163
com.puppycrawl.tools.checkstyle.checks.regexp.RegexpSinglelineJavaCheckTest,testIgnoreCommentsBlockStyle,pass,100,TRUE,135
org.apache.jackrabbit.oak.security.authorization.permission.PermissionUtilTest,testCheckACLPath2,pass,100,TRUE,133
org.assertj.core.api.atomic.integerarray.AtomicIntegerArrayAssert_isNotEmpty_Test,should_return_this,pass,100,FALSE,163
org.springframework.boot.test.context.AnnotatedClassFinderTests,findFromPackageWhenSourceIsNullShouldThrowException,pass,100,TRUE,141
io.dropwizard.jetty.NonblockingServletHolderTest,isEagerlyInitialized,pass,100,FALSE,163
org.apache.hadoop.fs.viewfs.TestViewFsLocalFs,testGetBlockLocations,pass,100,FALSE,163
com.puppycrawl.tools.checkstyle.checks.regexp.RegexpSinglelineJavaCheckTest,testIgnoreCommentsInlineStart,pass,100,FALSE,163
io.dropwizard.testing.DropwizardTestSupportWithUrlConfigProviderTest,returnsConfiguration,pass,100,FALSE,163
org.springframework.boot.test.json.JsonContentAssertTests,hasJsonPathValueForIndefinitePathWithEmptyResults,pass,100,FALSE,163
org.apache.jackrabbit.oak.jcr.security.user.EveryoneGroupTest,testPrincipal,pass,100,FALSE,163
org.apache.jackrabbit.oak.jcr.version.OpvIgnoreTest,testAddChildNodeWithIgnoreOPVAfterCheckIn,pass,100,FALSE,163
org.apache.jackrabbit.oak.jcr.security.authorization.SessionMoveTest,testMoveAndRemoveDestination,pass,100,FALSE,163
org.apache.jackrabbit.oak.index.indexer.document.flatfile.NodeStateEntryWriterTest,multipleEntries,pass,100,FALSE,163
org.apache.hc.core5.net.TestURLEncodedUtils,testParseUTF8Ampersand1String,pass,100,FALSE,163
org.assertj.core.internal.doublearrays.DoubleArrays_assertEndsWith_Test,should_pass_if_actual_and_sequence_are_equal_according_to_custom_comparison_strategy,pass,100,FALSE,163
org.springframework.boot.test.json.BasicJsonTesterTests,fromResourceShouldReturnJsonContent,pass,100,FALSE,163
org.assertj.core.internal.strings.Strings_assertHasSizeBetween_Test,should_pass_if_size_of_actual_is_between_sizes,pass,100,FALSE,163
com.puppycrawl.tools.checkstyle.DefaultLoggerTest,testNullErrorStreamOptions,pass,100,TRUE,74
com.puppycrawl.tools.checkstyle.xpath.AttributeNodeTest,testGetUnderlyingNode,pass,100,FALSE,163
okhttp3.URLConnectionTest,streamedBodyIsRetriedOnHttp2Shutdown,pass,100,FALSE,163
org.springframework.boot.context.properties.PropertyMapperTests,whenHasTextWhenValueIsEmptyShouldNotMap,pass,100,FALSE,163
org.apache.hadoop.util.TestFindClass,testPrintLog4J,pass,100,TRUE,110
io.undertow.server.handlers.file.PreCompressedResourceTestCase,testContentEncodedResource,pass,100,FALSE,163
com.github.jknack.handlebars.Issue322,defaults,pass,100,FALSE,163
alluxio.client.fs.ImpersonationIntegrationTest,impersonationHdfsUserDenied,pass,100,FALSE,163
org.togglz.core.repository.file.FileBasedRepositoryPerformanceTest,readingMissingFeature,pass,100,FALSE,163
org.assertj.core.data.MapEntry_equals_hashCode_Test,should_maintain_equals_and_hashCode_contract_with_java_MapEntry,pass,100,FALSE,163
org.springframework.boot.autoconfigure.web.servlet.DispatcherServletAutoConfigurationTests,registrationNonServletBean,pass,100,TRUE,152
com.puppycrawl.tools.checkstyle.checks.design.DesignForExtensionCheckTest,testIt,pass,100,FALSE,163
com.google.zxing.qrcode.decoder.ErrorCorrectionLevelTestCase,testForBits,pass,100,FALSE,163
org.assertj.core.api.optional.OptionalAssert_containsSame_Test,should_fail_if_optional_contains_equal_but_not_same_value,pass,100,FALSE,163
org.springframework.boot.configurationprocessor.ConstructorParameterPropertyDescriptorTests,constructorParameterPropertyWithCollectionTypesAndDefaultValues,pass,100,FALSE,163
org.assertj.core.api.charsequence.CharSequenceAssert_usingCustomComparator_Test,should_return_this,pass,100,FALSE,163
org.assertj.core.internal.objectarrays.ObjectArrays_assertIsSortedAccordingToComparator_Test,should_pass_if_actual_is_sorted_according_to_given_comparator,pass,100,FALSE,163
org.assertj.core.internal.paths.Paths_assertExists_Test,should_fail_if_actual_does_not_exist,pass,100,FALSE,163
org.apache.jackrabbit.oak.security.authorization.composite.CompositeProviderAllTest,testHasPrivilegesOnRepoNone,pass,100,TRUE,81
org.springframework.boot.context.config.ConfigFileApplicationListenerTests,postProcessorsAreOrderedCorrectly,pass,100,FALSE,163
org.assertj.core.internal.doubles.Doubles_assertIsCloseToPercentage_Test,should_fail_if_expected_value_is_null,pass,100,FALSE,163
org.apache.jackrabbit.oak.query.index.TraversingIndexQueryTest,testMultiNotEqual,pass,100,FALSE,163
org.apache.jackrabbit.oak.core.RootTest,removeMoved[SegmentTar],pass,100,FALSE,163
org.assertj.core.api.booleanarray.BooleanArrayAssert_doesNotContain_at_Index_Test,should_return_this,pass,100,FALSE,163
org.apache.jackrabbit.oak.plugins.index.lucene.LuceneIndexQueryTestSQL2OptimisationTest,sql1,pass,100,FALSE,163
org.apache.hadoop.fs.viewfs.TestViewFileSystemLocalFileSystem,testGetBlockLocations,pass,100,FALSE,163
org.assertj.core.internal.dates.Dates_assertIsInSameHourWindowAs_Test,should_throw_error_if_given_date_is_null_whatever_custom_comparison_strategy_is,pass,100,FALSE,163
io.dropwizard.auth.principal.PolymorphicPrincipalEntityTest,nullPrincipalEntityResourceAuth200,pass,100,FALSE,163
org.apache.jackrabbit.oak.plugins.document.JournalGCTest,gcWithCheckpoint2,pass,100,FALSE,163
com.cloudera.oryx.common.io.IOUtilsTest,testCloseQuietly,pass,100,TRUE,100
okhttp3.InterceptorTest,applicationInterceptorResponseMustHaveBody,pass,100,FALSE,163
ch.qos.logback.core.joran.spi.SimpleRuleStoreTest,testSlashSuffix,pass,100,TRUE,117
com.puppycrawl.tools.checkstyle.checks.indentation.IndentationCheckTest,testTryResources,pass,100,TRUE,133
org.apache.jackrabbit.oak.spi.security.user.util.UserUtilTest,testGetAdminId,pass,100,FALSE,163
org.assertj.core.internal.IgnoringFieldsComparator_compareTo_Test,should_return_true_if_both_Objects_are_null,pass,100,FALSE,163
org.assertj.core.api.assumptions.ObjectArray_special_assertion_methods_in_assumptions_Test,should_ignore_test_when_assumption_fails{AssumptionRunner}[30],pass,100,FALSE,163
ninja.servlet.NinjaServletContextTest,testUnsetCookieViaContext,pass,100,FALSE,163
com.puppycrawl.tools.checkstyle.xpath.RootNodeTest,testSetSystemId,pass,100,FALSE,163
org.assertj.core.api.date.DateAssert_isNotEqualTo_Test,should_verify_assertion_with_date_arg,pass,100,FALSE,163
org.assertj.core.internal.bytearrays.ByteArrays_assertContainsOnlyOnce_Test,should_throw_error_if_array_of_values_to_look_for_is_null_whatever_custom_comparison_strategy_is,pass,100,FALSE,163
org.assertj.core.internal.integers.Integers_assertIsNotNegative_Test,should_succeed_since_actual_is_not_negative,pass,100,FALSE,163
com.puppycrawl.tools.checkstyle.gui.ParseTreeTablePresentationTest,testJavadocCommentChildCount,pass,100,FALSE,163
org.springframework.boot.actuate.env.EnvironmentEndpointWebIntegrationTests,nestedPathMatchedByRegexWhenPlaceholderCannotBeResolvedShouldReturnUnresolvedProperty[2],pass,100,FALSE,163
org.apache.hadoop.fs.viewfs.TestViewFsLocalFs,testRenameAcrossMounts2,pass,100,FALSE,163
okhttp3.internal.http2.HpackTest,zero,pass,100,FALSE,163
com.puppycrawl.tools.checkstyle.api.AbstractCheckTest,testVisitToken,pass,100,FALSE,163
org.apache.jackrabbit.oak.plugins.document.blob.RDBBlobStoreTest,testIllegalIdentifier3[MyFixture: RDB-H2(file)],pass,100,FALSE,163
org.apache.hadoop.io.TestEnumSetWritable,testSerializeAndDeserializeNull,pass,100,FALSE,163
alluxio.client.hadoop.FileSystemAclIntegrationTest,directoryPermissionForUfs,pass,100,FALSE,163
org.assertj.core.api.duration.DurationAssert_hasDays_Test,should_pass_if_duration_has_matching_days,pass,100,FALSE,163
ninja.params.ControllerMethodInvokerWithDeprecatedValidationTest,bodyShouldBeParsedIntoLeftOverParameter,pass,100,FALSE,163
okhttp3.internal.cache.DiskLruCacheTest,revertWithTooFewValues,pass,100,FALSE,163
alluxio.worker.block.meta.AbstractBlockMetaTest,getParentDir,pass,100,FALSE,163
com.puppycrawl.tools.checkstyle.checks.javadoc.InvalidJavadocPositionCheckTest,testGetRequiredTokens,pass,100,FALSE,163
org.springframework.boot.autoconfigure.task.TaskSchedulingAutoConfigurationTests,enableSchedulingWithExistingScheduledExecutorServiceBacksOff,pass,100,FALSE,163
com.github.jknack.handlebars.ReflectiveHelperTest,testNullBlog,pass,100,FALSE,163
io.dropwizard.jersey.filter.AllowedMethodsFilterTest,testGetRequestAllowed,pass,100,FALSE,163
org.assertj.core.internal.bytearrays.ByteArrays_assertStartsWith_with_Integer_Arguments_Test,should_fail_if_sequence_is_bigger_than_actual_according_to_custom_comparison_strategy,pass,100,FALSE,163
org.assertj.core.internal.strings.Strings_assertNotEqualsIgnoringCase_Test,should_pass_if_actual_is_null_and_expected_is_not_whatever_custom_comparison_strategy_is,pass,100,FALSE,163
org.apache.hadoop.io.TestArrayFile,testEmptyFile,pass,100,FALSE,163
org.assertj.core.internal.doublearrays.DoubleArrays_assertHasSameSizeAs_with_Iterable_Test,should_pass_if_size_of_actual_is_equal_to_expected_size,pass,100,TRUE,135
org.apache.jackrabbit.oak.plugins.document.RecoveryLockTest,releaseRemovedClusterNodeInfo,pass,100,FALSE,163
org.springframework.boot.actuate.health.HealthEndpointWebExtensionTests,getHealthWhenAlwaysShowIsFalseAndGroupIsTrueShowsComponents,pass,100,FALSE,163
org.assertj.core.api.atomic.longarray.AtomicLongArrayAssert_usingDefaultElementComparator_Test,should_have_internal_effects,pass,100,FALSE,163
org.apache.hadoop.conf.TestConfiguration,testDoubleValues,pass,100,FALSE,163
org.apache.jackrabbit.oak.plugins.index.lucene.directory.StreamingOakDirectoryTest,dontReportFilesMarkedUnsafeForActiveDeletion,pass,100,FALSE,163
org.apache.jackrabbit.oak.security.authorization.composite.CompositeProviderEmptyReverseTest,testTreePermissionIsGrantedAllOR,pass,100,FALSE,163
org.assertj.core.api.future.FutureAssert_isCancelled_Test,should_return_this,pass,100,FALSE,163
org.assertj.core.api.atomic.referencearray.AtomicReferenceArrayAssert_hasSizeBetween_Test,should_return_this,pass,100,FALSE,163
org.apache.hadoop.fs.viewfs.TestViewFsWithAuthorityLocalFs,testInternalCreateSnapshot2,pass,100,FALSE,163
org.assertj.core.api.character.CharacterAssert_isUpperCase_Test,should_return_this,pass,100,FALSE,163
org.apache.hadoop.fs.viewfs.TestFSMainOperationsLocalFileSystem,testRenameFileToExistingParent,pass,100,FALSE,163
org.apache.commons.exec.DefaultExecutorTest,testExecuteWithWorkingDirectory,pass,100,FALSE,163
org.apache.hadoop.io.erasurecode.rawcoder.TestNativeRSRawCoder,testCodingNegative_6x3_erasing_too_many,skip,100,TRUE,146
org.assertj.core.api.bytearray.ByteArrayAssert_hasSameSizeAs_with_Iterable_Test,should_return_this,pass,100,FALSE,163
org.springframework.boot.actuate.autoconfigure.cloudfoundry.reactive.CloudFoundryWebFluxEndpointIntegrationTests,operationWithSecurityInterceptorForbidden,pass,100,FALSE,163
org.apache.jackrabbit.oak.spi.security.authorization.cug.impl.CugConfigurationWithMountsTest,testMountBelowCugSupportedPath,pass,100,FALSE,163
alluxio.worker.block.BlockHeartbeatReporterTest,generateReportMove,pass,100,FALSE,163
org.springframework.boot.autoconfigure.liquibase.LiquibaseAutoConfigurationTests,changelogJson,pass,100,FALSE,163
org.apache.oozie.fluentjob.api.dag.TestJoin,testAddParentWhenSomeAlreadyExist,pass,100,FALSE,163
com.github.jknack.handlebars.PropertyAccessTest,listAccess,pass,100,FALSE,163
org.assertj.core.internal.longs.Longs_assertLessThanOrEqualTo_Test,should_pass_if_actual_is_equal_to_other,pass,100,FALSE,163
org.apache.jackrabbit.oak.plugins.index.lucene.util.TapeSamplingTest,testWithHighestRandom,pass,100,FALSE,163
org.apache.hadoop.fs.TestFileSystemCaching,testUserFS,pass,100,FALSE,163
org.assertj.core.internal.objectarrays.ObjectArrays_assertContainsAll_Test,should_fail_if_actual_is_null,pass,100,FALSE,163
alluxio.server.health.MasterHealthCheckClientIntegrationTest,isServingStopFS,pass,100,FALSE,163
org.assertj.core.internal.FieldByFieldComparator_compareTo_Test,should_return_are_not_equal_if_first_Object_is_null_and_second_is_not,pass,100,FALSE,163
org.apache.jackrabbit.oak.jcr.version.VersionHistoryTest,testGetVersionHistory,pass,100,FALSE,163
org.springframework.boot.context.properties.ConfigurationPropertiesTests,loadWhenPrefixedPropertiesDeclaredAsAnnotationValueShouldBind,pass,100,FALSE,163
org.togglz.core.activation.GradualActivationStrategyTest,shouldFindCorrectDecisionForIntermediateValues,pass,100,FALSE,163
org.assertj.core.api.comparable.AbstractComparableAssert_usingDefaultComparator_Test,should_have_internal_effects,pass,100,FALSE,163
org.apache.hadoop.util.TestFastNumberFormat,testLongWithPadding,pass,100,FALSE,163
org.apache.jackrabbit.oak.security.user.UserProviderTest,testCreateUserWithPath,pass,100,FALSE,163
ch.qos.logback.core.subst.NodeToStringTransformerTest,LOGBACK729,pass,100,TRUE,125
org.springframework.boot.actuate.autoconfigure.health.HealthContributorRegistryHealthIndicatorRegistryAdapterTests,unregisterDelegatesToContributorRegistry,pass,100,FALSE,163
com.puppycrawl.tools.checkstyle.PackageObjectFactoryTest,testCtorNullLoaderException1,pass,100,FALSE,163
org.apache.hadoop.hbase.util.TestSimplePositionedMutableByteRange,testPosition,pass,100,TRUE,2
okhttp3.internal.http2.HpackTest,incrementalIndexingWithDynamcTableIndexedName,pass,100,FALSE,163
com.cloudera.oryx.app.common.fn.MLFunctionsTest,testParseJSON,pass,100,FALSE,163
org.assertj.core.internal.files.Files_assertHasDigest_AlgorithmBytes_Test,should_throw_error_wrapping_caught_NoSuchAlgorithmException,pass,100,FALSE,163
org.apache.jackrabbit.oak.spi.security.authorization.cug.impl.CugContextTest,testInvalidCug,pass,100,FALSE,163
org.apache.jackrabbit.oak.jcr.security.user.AuthorizablePropertyTest,testGetNotExistingProperty,pass,100,FALSE,163
ro.isdc.wro.model.TestWroModel,shouldMergeEmptyModel,pass,100,FALSE,163
org.apache.hadoop.fs.contract.rawlocal.TestRawlocalContractPathHandle,testOpenFileLazyFail[TestReference],skip,200,FALSE,163
org.springframework.boot.autoconfigure.web.servlet.ServletWebServerFactoryAutoConfigurationTests,tomcatProtocolHandlerCustomizerBeanIsAddedToFactory,pass,100,FALSE,163
io.dropwizard.jersey.jackson.JacksonMessageBodyProviderTest,writesUnIgnoredTypes,pass,100,TRUE,158
org.assertj.core.internal.objectarrays.ObjectArrays_assertContainsOnly_Test,should_pass_if_actual_contains_given_values_only_in_different_order_according_to_custom_comparison_strategy,pass,100,FALSE,163
org.apache.jackrabbit.oak.spi.security.authorization.principalbased.impl.PrincipalPolicyImplTest,testGetNamePathMapper,pass,100,FALSE,163
org.springframework.boot.web.embedded.jetty.JettyServlet9419WebServerFactoryTests,contextPathMustNotEndWithSlash,pass,100,FALSE,163
org.assertj.core.internal.iterables.Iterables_assertAreAtMost_Test,should_fail_if_condition_is_not_met_much,pass,100,FALSE,163
com.puppycrawl.tools.checkstyle.checks.TranslationCheckTest,testEqualBaseNamesButDifferentExtensions2,pass,100,TRUE,126
org.apache.jackrabbit.oak.plugins.tika.TextPopulatorTest,multiFTField,pass,100,FALSE,163
org.apache.jackrabbit.oak.jcr.security.authorization.VersionTest,testNodeIsCheckedOut,pass,100,FALSE,163
org.apache.jackrabbit.oak.spi.security.authentication.external.impl.principal.PrincipalProviderAutoMembershipTest,testFindPrincipalsByTypeGroup,pass,100,FALSE,163
org.springframework.boot.test.context.FilteredClassLoaderTests,loadResourcesWhenNotFilteredShouldLoadResource,pass,100,FALSE,163
org.assertj.core.api.object.ObjectAssert_extracting_with_Function_Array_Test,should_rethrow_any_extractor_function_exception,pass,100,FALSE,163
org.assertj.core.api.longarray.LongArrayAssert_containsSequence_Test,should_have_internal_effects,pass,100,FALSE,163
org.apache.jackrabbit.oak.security.authorization.composite.CompositeProviderAllReverseTest,testGetPrivileges,pass,100,FALSE,163
org.assertj.core.internal.classes.Classes_assertIsAssignableFrom_Test,should_pass_if_actual_is_assignable_from,pass,100,FALSE,163
org.apache.jackrabbit.oak.security.user.EveryoneGroupTest,testAddMembers,pass,100,FALSE,163
org.springframework.boot.actuate.autoconfigure.endpoint.EndpointIdTimeToLivePropertyFunctionTests,mixedCaseUserConfiguration,pass,100,FALSE,163
org.assertj.core.internal.bytearrays.ByteArrays_assertContainsExactly_Test,should_fail_if_actual_contains_all_given_values_but_size_differ_according_to_custom_comparison_strategy,pass,100,FALSE,163
org.apache.hadoop.io.file.tfile.TestTFileLzoCodecsByteArrays,testFailureGetNonExistentMetaBlock,pass,100,FALSE,163
com.puppycrawl.tools.checkstyle.filters.IntMatchFilterElementTest,testEqualsAndHashCode,pass,100,FALSE,163
ro.isdc.wro.manager.TestWroManager,cacheShouldNotBeClearedAfterModelReload,pass,100,FALSE,163
ro.isdc.wro.extensions.processor.TestHoganJsProcessor,testSimpleString,pass,100,FALSE,163
okhttp3.internal.ws.WebSocketReaderTest,closeIncompleteCallsCallback,pass,100,FALSE,163
org.apache.jackrabbit.oak.security.user.query.ResultIteratorTest,testNextWithOffset,pass,100,FALSE,163
org.apache.jackrabbit.oak.security.authorization.composite.CompositeProviderNoScopeTest,testGetPrivilegesOnRepoAdmin,pass,100,FALSE,163
org.assertj.core.api.doublearray.DoubleArrayAssert_contains_at_Index_Test,should_pass_with_precision_specified_in_comparator,pass,100,FALSE,163
org.assertj.core.internal.chararrays.CharArrays_assertContainsExactlyInAnyOrder_Test,should_fail_if_arrays_have_different_sizes,pass,100,FALSE,163
org.apache.jackrabbit.oak.spi.security.authentication.external.impl.principal.PrincipalProviderAutoMembershipTest,testGetPrincipalUnderscoreSign,pass,100,FALSE,163
org.apache.jackrabbit.oak.segment.file.tar.binaries.BinaryReferencesIndexLoaderV1Test,testInvalidChecksum,pass,100,FALSE,163
org.assertj.core.internal.bytearrays.ByteArrays_assertContainsOnlyOnce_Test,should_fail_if_actual_does_not_contain_given_values_only_according_to_custom_comparison_strategy,pass,100,FALSE,163
me.prettyprint.cassandra.service.template.SuperCfTemplateTest,testTemplateLevelDeleteRow,pass,100,TRUE,161
org.apache.jackrabbit.oak.plugins.document.CollisionCleanupTest,batchCleanup,pass,100,FALSE,163
org.springframework.boot.jackson.JsonComponentModuleTests,moduleShouldRegisterKeySerializers,pass,100,FALSE,163
org.springframework.boot.webservices.client.WebServiceTemplateBuilderTests,interceptorsShouldReplaceExisting,pass,100,FALSE,163
org.apache.hadoop.io.TestSequenceFile,testZlibSequenceFile,pass,100,FALSE,163
org.assertj.core.internal.objects.Objects_assertIsEqualToIgnoringGivenFields_Test,should_fail_when_some_field_value_is_null_on_one_object_only,pass,100,FALSE,163
org.apache.jackrabbit.oak.plugins.index.lucene.LucenePropertyIndexTest,pathTransformationWithEvaluatePathRestriction,pass,100,FALSE,163
org.springframework.boot.autoconfigure.flyway.Flyway5xAutoConfigurationTests,defaultFlyway,pass,100,FALSE,163
com.puppycrawl.tools.checkstyle.checks.metrics.ClassFanOutComplexityCheckTest,testExtends,pass,100,FALSE,163
org.apache.jackrabbit.oak.jcr.security.user.GroupImportTest,testImportGroupMembersFromOakNodes,pass,100,FALSE,163
org.assertj.core.api.classes.ClassAssert_hasDeclaredFields_Test,should_have_internal_effects,pass,100,FALSE,163
org.apache.jackrabbit.oak.security.authorization.accesscontrol.AccessControlManagerLimitedPermissionsTest,testGetApplicablePolicies,pass,100,FALSE,163
org.apache.oozie.fluentjob.api.dag.TestFork,testForkAddedAsParentWhenItAlreadyHasAChild,pass,100,TRUE,43
org.springframework.boot.actuate.autoconfigure.security.reactive.EndpointRequestTests,noEndpointPathsBeansShouldNeverMatch,pass,100,FALSE,163
org.springframework.boot.autoconfigure.orm.jpa.CustomHibernateJpaAutoConfigurationTests,namingStrategyBeansAreUsed,pass,100,FALSE,163
org.apache.jackrabbit.oak.plugins.index.upgrade.IndexDisablerTest,nodeTypeIndexDisabling_noDeclaringTypes,pass,100,FALSE,163
ro.isdc.wro.model.resource.locator.factory.TestConfigurableLocatorFactory,shouldUseServletContextOnlyLocator,pass,100,TRUE,133
org.assertj.core.api.iterable.IterableAssert_extracting_Test,should_allow_extracting_by_toString_method,pass,100,FALSE,163
org.apache.hc.core5.http.impl.nio.TestExpandableBuffer,testBasics,pass,100,FALSE,163
org.assertj.core.api.optional.OptionalAssert_isNotEmpty_Test,should_fail_when_optional_is_null,pass,100,FALSE,163
com.puppycrawl.tools.checkstyle.checks.blocks.RightCurlyCheckTest,testRightCurlyIsAloneOrSinglelineLambda,pass,100,FALSE,163
okhttp3.HeadersKotlinTest,builderSetOperator,pass,100,FALSE,163
org.springframework.boot.actuate.elasticsearch.ElasticsearchJestHealthIndicatorTests,elasticsearchIsDownByResponseCode,pass,100,FALSE,163
org.apache.hadoop.net.TestScriptBasedMapping,testNoFilenameMeansSingleSwitch,pass,100,FALSE,163
org.springframework.boot.actuate.autoconfigure.metrics.export.wavefront.WavefrontPropertiesConfigAdapterTests,whenPropertiesUriIsSetAdapterUriReturnsIt,pass,100,FALSE,163
org.assertj.core.internal.paths.Paths_assertIsWritable_Test,should_fail_if_actual_exists_but_is_not_writable,pass,100,FALSE,163
org.apache.jackrabbit.oak.spi.security.authorization.principalbased.impl.UtilsTest,testCanHandleNullName,pass,100,FALSE,163
org.assertj.core.internal.doublearrays.DoubleArrays_assertContainsExactlyInAnyOrder_Test,should_fail_if_actual_is_null,pass,100,FALSE,163
org.assertj.core.api.throwable.ExpectThrowableAssert_isThrownBy_Test,should_build_ExpectThrowableAssert_with_exception_thrown_by_lambda,pass,100,FALSE,163
org.springframework.boot.autoconfigure.web.servlet.WebMvcAutoConfigurationTests,formContentFilterCanBeDisabled,pass,100,FALSE,163
org.assertj.core.api.intarray.IntArrayAssert_hasSameSizeAs_with_Iterable_Test,should_return_this,pass,100,FALSE,163
org.apache.jackrabbit.oak.plugins.index.lucene.directory.ChunkedOakDirectoryTest,saveListing,pass,100,FALSE,163
org.assertj.core.internal.throwables.Throwables_assertHasRootCauseExactlyInstanceOf_Test,should_fail_if_actual_has_no_cause,pass,100,FALSE,163
org.apache.hadoop.service.TestServiceLifecycle,testStartTwice,pass,100,FALSE,163
org.apache.hadoop.service.TestCompositeService,testAddInitedChildInStart,pass,100,FALSE,163
org.apache.jackrabbit.oak.spi.security.authentication.external.impl.principal.ExternalPrincipalConfigurationTest,testDeactivateWithNullTrackers,pass,100,FALSE,163
alluxio.client.fs.FileSystemMasterClientIntegrationTest,masterUnavailable,pass,100,FALSE,163
org.apache.jackrabbit.oak.plugins.migration.report.ReportingNodeStateTest,getPropertyReportsProperty,pass,100,FALSE,163
org.assertj.core.internal.shortarrays.ShortArrays_assertStartsWith_Test,should_fail_if_array_of_values_to_look_for_is_empty_and_actual_is_not,pass,100,FALSE,163
org.apache.hadoop.service.launcher.TestServiceConf,testConfExtraction,pass,100,FALSE,163
org.apache.jackrabbit.oak.namepath.impl.NamePathMapperImplTest,testBracketsInNodeName,pass,100,FALSE,163
org.assertj.core.internal.iterables.Iterables_assertAnySatisfy_Test,should_fail_if_actual_is_null,pass,100,FALSE,163
com.cloudera.oryx.app.serving.als.model.ALSServingModelManagerTest,testLoad,pass,100,FALSE,163
org.springframework.boot.autoconfigure.diagnostics.analyzer.NoSuchBeanDefinitionFailureAnalyzerTests,failureAnalysisForNoMatchName,pass,100,FALSE,163
org.assertj.core.internal.maps.Maps_assertHasValueSatisfying_Test,should_fail_if_actual_does_not_contain_value_matching_condition,pass,100,FALSE,163
org.assertj.core.api.Assertions_assertThat_with_LongStream_Test,isNotInstanceOfAny_should_check_the_original_stream,pass,100,FALSE,163
okhttp3.internal.ws.WebSocketWriterTest,serverSmallBufferedPayloadWrittenAsOneFrame,pass,100,FALSE,163
org.apache.jackrabbit.oak.security.authorization.accesscontrol.UtilTest,testGetImportBehavior,pass,100,FALSE,163
org.apache.hadoop.service.TestCompositeService,testAddStartedSiblingBeforeInit,pass,100,FALSE,163
org.apache.jackrabbit.oak.jcr.security.authorization.WriteTest,testRemove61,pass,100,FALSE,163
org.assertj.core.api.float_.FloatAssert_isZero_Test,should_pass_with_Float_positive_zero,pass,100,FALSE,163
org.assertj.core.api.WithAssertions_delegation_Test,withAssertions_assertThat_int_array_Test,pass,100,FALSE,163
org.springframework.boot.test.json.JsonContentAssertTests,isEqualToWhenStringIsNotMatchingShouldFail,pass,100,FALSE,163
org.assertj.core.api.file.FileAssert_isEmptyFile_Test,should_have_internal_effects,pass,100,FALSE,163
io.dropwizard.server.DefaultServerFactoryTest,isDiscoverable,pass,100,FALSE,163
org.assertj.core.presentation.StandardRepresentation_array_format_Test,should_format_Object_array_having_null_element,pass,100,FALSE,163
okhttp3.internal.http2.Http2ConnectionTest,clientCannotReadTrailersWithoutExhaustingStream,pass,100,FALSE,163
alluxio.master.metastore.InodeStoreTest,remove[1],pass,100,FALSE,163
org.assertj.core.api.file.FileAssert_exists_Test,should_have_internal_effects,pass,100,FALSE,163
okhttp3.CertificatePinnerTest,successfulCheck,pass,100,FALSE,163
alluxio.util.io.PathUtilsTest,subtractPathsException,pass,100,FALSE,163
com.google.zxing.oned.EAN13WriterTestCase,testEncodeIllegalCharacters,pass,100,FALSE,163
org.springframework.boot.actuate.context.properties.ConfigurationPropertiesReportEndpointSerializationTests,testCycle,pass,100,FALSE,163
com.puppycrawl.tools.checkstyle.filters.SuppressWithNearbyCommentFilterTest,testSuppressById,pass,100,FALSE,163
org.apache.jackrabbit.oak.plugins.document.DocumentDiscoveryLiteServiceTest,testOneNode,pass,100,FALSE,163
org.apache.jackrabbit.oak.composite.MountInfoProviderServiceTest,defaultSetup,pass,100,FALSE,163
okhttp3.internal.cache.DiskLruCacheTest,iteratorRemoveBeforeNext,pass,100,FALSE,163
org.apache.jackrabbit.oak.json.TypeCodesTest,testDecodeType,pass,100,FALSE,163
org.apache.hc.core5.http.impl.nio.TestChunkEncoder,testLimitedChannel,pass,100,FALSE,163
org.assertj.core.internal.iterables.Iterables_assertHaveExactly_Test,should_pass_if_satisfies_exactly_times_condition,pass,100,FALSE,163
alluxio.AlluxioURITest,basicMultiMasterUri,pass,100,FALSE,163
org.apache.hadoop.fs.viewfs.TestFcMainOperationsLocalFs,testDeleteOnExitUnexisting,pass,100,FALSE,163
com.puppycrawl.tools.checkstyle.checks.coding.IllegalThrowsCheckTest,testIgnoreMethodNames,pass,100,FALSE,163
org.assertj.core.internal.booleanarrays.BooleanArrays_assertHasSameSizeAs_with_Array_Test,should_pass_if_size_of_actual_is_equal_to_expected_size,pass,100,FALSE,163
ro.isdc.wro.model.resource.processor.support.TestFallbackCssDataUriUrlInspector,shouldRemoveOriginalUrl,pass,100,FALSE,163
okhttp3.internal.http2.Http2Test,readSettingsFrameTooShortFrameLength,pass,100,FALSE,163
org.assertj.core.internal.strings.Strings_assertContainsIgnoringCase_Test,should_pass_if_actual_contains_sequence_in_different_case_whatever_custom_comparison_strategy_is,pass,100,FALSE,163
org.springframework.boot.web.embedded.undertow.UndertowServletWebServerFactoryTests,defaultContextPath,pass,100,FALSE,163
org.apache.jackrabbit.oak.plugins.document.ClusterViewTest,testOneActiveSeveralInactive,pass,100,FALSE,163
org.apache.jackrabbit.oak.security.user.autosave.UserImplTest,testChancePassword,pass,100,FALSE,163
org.apache.jackrabbit.oak.security.privilege.PrivilegeDefinitionReaderTest,testReadNonExisting,pass,100,FALSE,163
org.assertj.core.internal.shorts.Shorts_assertLessThanOrEqualTo_Test,should_fail_if_actual_is_null,pass,100,FALSE,163
org.apache.hadoop.security.authentication.server.TestAuthenticationFilter,testTokenWithValidActivityInterval,pass,100,FALSE,163
org.assertj.core.internal.strings.Strings_assertContainsSubsequence_Test,should_fail_if_actual_does_not_contain_subsequence_according_to_custom_comparison_strategy,pass,100,FALSE,163
org.assertj.core.util.Lists_newArrayList_Test,should_return_empty_List,pass,100,TRUE,126
org.springframework.boot.autoconfigure.web.embedded.JettyWebServerFactoryCustomizerTests,setUseForwardHeaders,pass,100,FALSE,163
org.assertj.core.api.atomic.AtomicIntegerFieldUpdater_hasValue_Test,should_fail_if_atomicIntegerFieldUpdater_does_not_contain_expected_value,pass,100,FALSE,163
okhttp3.CookieTest,builderClampsMinDate,pass,100,FALSE,163
com.google.zxing.pdf417.decoder.PDF417DecoderTestCase,testSampleWithNumericValues,pass,100,FALSE,163
org.assertj.core.internal.bytearrays.ByteArrays_assertContainsOnly_with_Integer_Arguments_Test,should_throw_error_if_array_of_values_to_look_for_is_null,pass,100,FALSE,163
org.apache.jackrabbit.oak.plugins.index.lucene.hybrid.ExternalIndexObserverTest,internalChange,pass,100,FALSE,163
org.apache.hadoop.io.file.tfile.TestTFileNoneCodecsJClassComparatorByteArrays,testFailureNegativeLength,pass,100,FALSE,163
org.assertj.core.api.long_.LongAssert_isNotNegative_Test,should_return_this,pass,100,FALSE,163
io.dropwizard.client.HttpClientBuilderTest,usesDefaultForNonPersistentConnections,pass,100,FALSE,163
org.assertj.core.api.localdate.LocalDateAssert_isAfterOrEqualTo_Test,should_fail_if_date_as_string_parameter_is_null,pass,100,FALSE,163
okhttp3.EventListenerTest,expectContinueStartsResponseHeadersEarly,pass,100,FALSE,163
org.assertj.core.api.assumptions.List_special_assertion_methods_in_assumptions_Test,should_ignore_test_when_assumption_fails{AssumptionRunner}[30],pass,100,FALSE,163
org.apache.hadoop.fs.sftp.TestSFTPFileSystem,testRenameNonExistFile,pass,100,TRUE,84
alluxio.master.table.AlluxioCatalogTest,attachDb,pass,100,FALSE,163
org.apache.hadoop.fs.contract.rawlocal.TestRawlocalContractSeek,testRandomSeeks,pass,100,FALSE,163
okhttp3.internal.cache.DiskLruCacheTest,evictAll,pass,100,FALSE,163
org.apache.hadoop.fs.viewfs.TestViewFileSystemWithAuthorityLocalFileSystem,testInternalDeleteExisting2,pass,100,FALSE,163
org.springframework.boot.autoconfigure.orm.jpa.HibernateJpaAutoConfigurationTests,configuredWithSingleCandidateDataSource,pass,100,FALSE,163
com.cloudera.oryx.app.serving.als.model.LocalitySensitiveHashTest,testHashDistribution,pass,100,FALSE,163
org.assertj.core.api.object.ObjectAssert_isEqualToIgnoringNullFields_Test,comparators_for_fields_should_have_precedence_over_comparators_for_types,pass,100,FALSE,163
alluxio.worker.block.BlockMetadataViewTest,getTierView,pass,100,FALSE,163
com.google.common.jimfs.JimfsUnixLikeFileSystemTest,testOpenChannel_withInitialAttributes_fileExists,pass,100,FALSE,163
org.assertj.core.api.atomic.referencearray.AtomicReferenceArrayAssert_usingDefaultComparator_Test,should_have_internal_effects,pass,100,FALSE,163
org.assertj.core.internal.bigdecimals.BigDecimals_assertIsCloseTo_Test,should_fail_if_actual_is_not_close_enough_to_expected_value,pass,100,FALSE,163
org.apache.oozie.fluentjob.api.action.TestMapReduceActionBuilder,testAddingDuplicateParentBothTimesWithConditionThrows,pass,100,FALSE,163
org.assertj.core.internal.iterables.Iterables_assertDoesNotContainSubsequence_Test,should_pass_if_subsequence_is_bigger_than_actual,pass,100,FALSE,163
org.apache.jackrabbit.oak.security.authorization.composite.CompositeProviderNoScopeReverseTest,testTreePermissionIsGrantedAll,pass,100,FALSE,163
org.apache.hadoop.fs.viewfs.TestViewFsWithAuthorityLocalFs,testRenameAcrossMounts3,pass,100,FALSE,163
org.assertj.core.api.localtime.LocalTimeAssert_isEqualTo_Test,should_pass_if_actual_is_equal_to_localTime_as_string_parameter,pass,100,FALSE,163
ninja.params.ControllerMethodInvokerWithDeprecatedValidationTest,validationWithOptionalFailedRegex,pass,100,FALSE,163
com.cloudera.oryx.lambda.serving.InMemoryRealmTest,testAuthenticate,pass,100,FALSE,163
io.undertow.server.handlers.IPAddressAccessControlHandlerUnitTestCase,testIPv4SlashMatch,pass,100,FALSE,163
org.assertj.core.api.objectarray.ObjectArrayAssert_filteredOnAssertions_Test,should_keep_assertion_state,pass,100,FALSE,163
com.google.common.jimfs.FileTreeTest,testLookup_relative_withDotDotsInPath,pass,100,FALSE,163
org.apache.jackrabbit.oak.spi.security.authentication.external.impl.jmx.SyncMBeanImplTest,testPurgeOrphanedUsersNoPurge,pass,100,FALSE,163
com.puppycrawl.tools.checkstyle.checks.metrics.ClassFanOutComplexityCheckTest,testImplements,pass,100,FALSE,163
alluxio.server.ft.journal.ufs.UfsConfigurationJournalTest,testOptionsPersisted,pass,100,FALSE,163
org.apache.oozie.fluentjob.api.dag.TestEnd,testAddedAsParentThrows,pass,100,FALSE,163
org.apache.jackrabbit.oak.security.user.SystemUserImplTest,testIsGroup,pass,100,FALSE,163
org.assertj.core.api.offsettime.OffsetTimeAssert_isIn_Test,test_isIn_assertion,pass,100,FALSE,163
org.apache.jackrabbit.oak.query.index.TraversingIndexTest,traverse,pass,100,FALSE,163
org.apache.jackrabbit.oak.plugins.index.property.PropertyIndexTest,testPathMismatch,pass,100,FALSE,163
com.puppycrawl.tools.checkstyle.checks.modifier.InterfaceMemberImpliedModifierCheckTest,testFieldsOnInterfaceNoImpliedPublicStaticAllowImpliedFinal,pass,100,FALSE,163
org.apache.jackrabbit.oak.spi.security.authorization.principalbased.impl.AccessControlManagerLimitedSystemUserTest,testReadPolicyTreeWithReadAc,pass,100,FALSE,163
org.assertj.core.api.array.AbstractEnumerableAssert_hasSameSizeAs_with_Array_Test,should_pass_if_actual_primitive_array_has_same_size_as_other_primitive_array,pass,100,FALSE,163
org.apache.jackrabbit.oak.security.authorization.accesscontrol.AccessControlValidatorTest,hiddenNodeAdded,pass,100,TRUE,108
org.apache.jackrabbit.oak.query.index.TraversingIndexQueryTest,sql1,pass,100,TRUE,156
com.puppycrawl.tools.checkstyle.checks.coding.FinalLocalVariableCheckTest,testVariableWhichIsAssignedMultipleTimes,pass,100,FALSE,163
org.springframework.boot.actuate.metrics.web.reactive.server.WebFluxTagsTests,uriTagValueIsRootWhenRequestHasNoPatternAndSlashPathInfo,pass,100,FALSE,163